program,completed,error,retired_instructions,conditional_branches,taken_branches,jal,jalr,traps,timer_interrupts,config,update_delay,mispredict_barrier,predicted_taken,correct,mispredictions,accuracy_pct,mispred_per_kinst,alias_switches,alias_associated_misses,static_branches,branch_index_pairs,max_indices_per_branch,pht_bits,history_state_bits,lookup_xor_operands,elapsed_seconds
current,1,"",30761367,12056109,6843049,400095,400089,0,0,BIMODAL,0,1,7264736,10158594,1897515,84.260967,61.685002,12,5,92,92,1,512,0,1,7.042314
current,1,"",30761367,12056109,6843049,400095,400089,0,0,GSHARE,0,1,7248066,10810636,1245473,89.669362,40.488220,891736,273284,92,392,51,512,8,2,7.042314
current,1,"",30761367,12056109,6843049,400095,400089,0,0,LAST_TARGET_BRANCH,0,1,7235952,10906842,1149267,90.467347,37.360726,1191066,230491,92,388,48,512,16,3,7.042314
current,1,"",30761367,12056109,6843049,400095,400089,0,0,LAST_TARGET_ALL_CFI,0,1,7187467,10884939,1171170,90.285672,38.072755,1640130,266364,92,387,48,512,16,3,7.042314
current,1,"",30761367,12056109,6843049,400095,400089,0,0,SOURCE_PATH_BRANCH,0,1,7546489,6367785,5688324,52.817912,184.917790,9042809,4663416,92,2692,256,512,16,3,7.042314
current,1,"",30761367,12056109,6843049,400095,400089,0,0,SOURCE_PATH_ALL_CFI,0,1,7176536,7709934,4346175,63.950434,141.286797,8397445,3568596,92,2480,256,512,16,3,7.042314
current,1,"",30761367,12056109,6843049,400095,400089,0,0,TARGET_PATH_BRANCH,0,1,7579159,6385123,5670986,52.961723,184.354161,9286481,4790869,92,2930,256,512,16,3,7.042314
current,1,"",30761367,12056109,6843049,400095,400089,0,0,TARGET_PATH_ALL_CFI,0,1,7579402,6382814,5673295,52.942570,184.429223,9292598,4794856,92,2930,256,512,16,3,7.042314
current,1,"",30761367,12056109,6843049,400095,400089,0,0,NEXT_PC_PATH_BRANCH,0,1,7565446,6355918,5700191,52.719480,185.303566,9000258,4675275,92,2928,256,512,16,3,7.042314
current,1,"",30761367,12056109,6843049,400095,400089,0,0,NEXT_PC_PATH_ALL_CFI,0,1,7572657,6326397,5729712,52.474617,186.263244,9028297,4701772,92,2929,256,512,16,3,7.042314
current,1,"",30761367,12056109,6843049,400095,400089,0,0,EDGE_PATH_BRANCH,0,1,7394575,6704431,5351678,55.610239,173.973998,7740809,4092069,92,2930,256,512,16,3,7.042314
current,1,"",30761367,12056109,6843049,400095,400089,0,0,EDGE_PATH_ALL_CFI,0,1,7413629,6672895,5383214,55.348662,174.999180,7743763,4117888,92,2930,256,512,16,3,7.042314
current,1,"",30761367,12056109,6843049,400095,400089,0,0,BIMODAL,2,1,7264736,10158594,1897515,84.260967,61.685002,12,5,92,92,1,512,0,1,7.042314
current,1,"",30761367,12056109,6843049,400095,400089,0,0,GSHARE,2,1,7194662,10834336,1221773,89.865943,39.717773,906699,303269,92,470,75,512,8,2,7.042314
current,1,"",30761367,12056109,6843049,400095,400089,0,0,LAST_TARGET_BRANCH,2,1,7142606,10964648,1091461,90.946822,35.481551,888358,157665,92,468,69,512,16,3,7.042314
current,1,"",30761367,12056109,6843049,400095,400089,0,0,LAST_TARGET_ALL_CFI,2,1,7110701,10915045,1141064,90.535387,37.094060,1373072,222781,92,461,69,512,16,3,7.042314
current,1,"",30761367,12056109,6843049,400095,400089,0,0,SOURCE_PATH_BRANCH,2,1,7461210,6583918,5472191,54.610638,177.891672,8916975,4474065,92,2749,256,512,16,3,7.042314
current,1,"",30761367,12056109,6843049,400095,400089,0,0,SOURCE_PATH_ALL_CFI,2,1,7114762,7880564,4175545,65.365733,135.739904,8225769,3418813,92,2547,256,512,16,3,7.042314
current,1,"",30761367,12056109,6843049,400095,400089,0,0,TARGET_PATH_BRANCH,2,1,7449900,6560844,5495265,54.419249,178.641768,9012026,4567708,92,2930,256,512,16,3,7.042314
current,1,"",30761367,12056109,6843049,400095,400089,0,0,TARGET_PATH_ALL_CFI,2,1,7448020,6563716,5492393,54.443071,178.548405,9019700,4567188,92,2930,256,512,16,3,7.042314
current,1,"",30761367,12056109,6843049,400095,400089,0,0,NEXT_PC_PATH_BRANCH,2,1,7502741,6443753,5612356,53.448032,182.448199,8930204,4590832,92,2928,256,512,16,3,7.042314
current,1,"",30761367,12056109,6843049,400095,400089,0,0,NEXT_PC_PATH_ALL_CFI,2,1,7501441,6433479,5622630,53.362814,182.782189,8947007,4602273,92,2929,256,512,16,3,7.042314
current,1,"",30761367,12056109,6843049,400095,400089,0,0,EDGE_PATH_BRANCH,2,1,7413898,6739502,5316607,55.901137,172.833899,7799977,4051394,92,2930,256,512,16,3,7.042314
current,1,"",30761367,12056109,6843049,400095,400089,0,0,EDGE_PATH_ALL_CFI,2,1,7431349,6716975,5339134,55.714286,173.566214,7792979,4063694,92,2930,256,512,16,3,7.042314
current,1,"",30761367,12056109,6843049,400095,400089,0,0,BIMODAL,4,1,7264736,10158594,1897515,84.260967,61.685002,12,5,92,92,1,512,0,1,7.042314
current,1,"",30761367,12056109,6843049,400095,400089,0,0,GSHARE,4,1,7207972,10684156,1371953,88.620267,44.599871,1022733,424898,92,551,84,512,8,2,7.042314
current,1,"",30761367,12056109,6843049,400095,400089,0,0,LAST_TARGET_BRANCH,4,1,7149614,10874492,1181617,90.199019,38.412370,859208,262224,92,538,78,512,16,3,7.042314
current,1,"",30761367,12056109,6843049,400095,400089,0,0,LAST_TARGET_ALL_CFI,4,1,7079112,10752154,1303955,89.184280,42.389371,1212222,388940,92,544,79,512,16,3,7.042314
current,1,"",30761367,12056109,6843049,400095,400089,0,0,SOURCE_PATH_BRANCH,4,1,7544305,6507515,5548594,53.976909,180.375404,9055349,4591424,92,2756,256,512,16,3,7.042314
current,1,"",30761367,12056109,6843049,400095,400089,0,0,SOURCE_PATH_ALL_CFI,4,1,7280940,7583418,4472691,62.901040,145.399618,8495276,3703542,92,2583,256,512,16,3,7.042314
current,1,"",30761367,12056109,6843049,400095,400089,0,0,TARGET_PATH_BRANCH,4,1,7513092,6497912,5558197,53.897257,180.687581,8982806,4591710,92,2930,256,512,16,3,7.042314
current,1,"",30761367,12056109,6843049,400095,400089,0,0,TARGET_PATH_ALL_CFI,4,1,7506861,6498133,5557976,53.899090,180.680397,8987813,4593578,92,2929,256,512,16,3,7.042314
current,1,"",30761367,12056109,6843049,400095,400089,0,0,NEXT_PC_PATH_BRANCH,4,1,7538559,6430237,5625872,53.335923,182.887581,9055021,4656475,92,2928,256,512,16,3,7.042314
current,1,"",30761367,12056109,6843049,400095,400089,0,0,NEXT_PC_PATH_ALL_CFI,4,1,7537402,6423486,5632623,53.279926,183.107045,9072455,4664543,92,2930,256,512,16,3,7.042314
current,1,"",30761367,12056109,6843049,400095,400089,0,0,EDGE_PATH_BRANCH,4,1,7451517,6614941,5441168,54.867959,176.883166,8236585,4283402,92,2930,256,512,16,3,7.042314
current,1,"",30761367,12056109,6843049,400095,400089,0,0,EDGE_PATH_ALL_CFI,4,1,7464047,6613271,5442838,54.854108,176.937455,8217935,4280411,92,2930,256,512,16,3,7.042314
current,1,"",30761367,12056109,6843049,400095,400089,0,0,BIMODAL,6,1,6929367,10142465,1913644,84.127184,62.209329,12,5,92,92,1,512,0,1,7.042314
current,1,"",30761367,12056109,6843049,400095,400089,0,0,GSHARE,6,1,7103137,10330273,1725836,85.684967,56.104009,1129343,414545,92,577,85,512,8,2,7.042314
current,1,"",30761367,12056109,6843049,400095,400089,0,0,LAST_TARGET_BRANCH,6,1,7066530,10412240,1643869,86.364846,53.439400,1289345,347504,92,583,85,512,16,3,7.042314
current,1,"",30761367,12056109,6843049,400095,400089,0,0,LAST_TARGET_ALL_CFI,6,1,7029546,10354166,1701943,85.883149,55.327288,1562618,423384,92,567,83,512,16,3,7.042314
current,1,"",30761367,12056109,6843049,400095,400089,0,0,SOURCE_PATH_BRANCH,6,1,7333724,7027052,5029057,58.286235,163.486135,7952828,3973256,92,2756,256,512,16,3,7.042314
current,1,"",30761367,12056109,6843049,400095,400089,0,0,SOURCE_PATH_ALL_CFI,6,1,7175774,7917960,4138149,65.675916,134.524223,7335028,3206943,92,2582,256,512,16,3,7.042314
current,1,"",30761367,12056109,6843049,400095,400089,0,0,TARGET_PATH_BRANCH,6,1,7343429,6991407,5064702,57.990576,164.644894,7881475,4000379,92,2930,256,512,16,3,7.042314
current,1,"",30761367,12056109,6843049,400095,400089,0,0,TARGET_PATH_ALL_CFI,6,1,7340821,6993999,5062110,58.012075,164.560632,7882794,4000823,92,2929,256,512,16,3,7.042314
current,1,"",30761367,12056109,6843049,400095,400089,0,0,NEXT_PC_PATH_BRANCH,6,1,7359908,6926780,5129329,57.454524,166.745808,7930383,4042796,92,2928,256,512,16,3,7.042314
current,1,"",30761367,12056109,6843049,400095,400089,0,0,NEXT_PC_PATH_ALL_CFI,6,1,7355208,6922440,5133669,57.418525,166.886894,7935243,4049294,92,2930,256,512,16,3,7.042314
current,1,"",30761367,12056109,6843049,400095,400089,0,0,EDGE_PATH_BRANCH,6,1,7339120,7096268,4959841,58.860350,161.236040,7213255,3717713,92,2930,256,512,16,3,7.042314
current,1,"",30761367,12056109,6843049,400095,400089,0,0,EDGE_PATH_ALL_CFI,6,1,7351245,7077211,4978898,58.702281,161.855551,7215382,3733306,92,2930,256,512,16,3,7.042314
src0,1,"",1417756421,223675077,156842121,16239766,16012268,0,0,BIMODAL,0,1,172222749,160088933,63586144,71.572092,44.849837,20,11,128,128,1,512,0,1,143.042525
src0,1,"",1417756421,223675077,156842121,16239766,16012268,0,0,GSHARE,0,1,157128809,167560043,56115034,74.912255,39.580166,19321748,6672602,128,874,74,512,8,2,143.042525
src0,1,"",1417756421,223675077,156842121,16239766,16012268,0,0,LAST_TARGET_BRANCH,0,1,153018072,170378964,53296113,76.172529,37.591869,8440941,2526856,128,935,110,512,16,3,143.042525
src0,1,"",1417756421,223675077,156842121,16239766,16012268,0,0,LAST_TARGET_ALL_CFI,0,1,156661259,168588297,55086780,75.371963,38.854897,11770178,4198165,128,861,71,512,16,3,143.042525
src0,1,"",1417756421,223675077,156842121,16239766,16012268,0,0,SOURCE_PATH_BRANCH,0,1,181705204,147416654,76258423,65.906607,53.788099,119519361,46872872,128,8793,256,512,16,3,143.042525
src0,1,"",1417756421,223675077,156842121,16239766,16012268,0,0,SOURCE_PATH_ALL_CFI,0,1,181712793,147726327,75948750,66.045055,53.569675,117836148,46148280,128,9156,256,512,16,3,143.042525
src0,1,"",1417756421,223675077,156842121,16239766,16012268,0,0,TARGET_PATH_BRANCH,0,1,181396240,146969330,76705747,65.706619,54.103615,120044200,47522356,128,8975,256,512,16,3,143.042525
src0,1,"",1417756421,223675077,156842121,16239766,16012268,0,0,TARGET_PATH_ALL_CFI,0,1,182024012,146667448,77007629,65.571654,54.316544,120458083,47865210,128,8420,256,512,16,3,143.042525
src0,1,"",1417756421,223675077,156842121,16239766,16012268,0,0,NEXT_PC_PATH_BRANCH,0,1,182358741,146189677,77485400,65.358054,54.653535,120750183,47998068,128,8596,256,512,16,3,143.042525
src0,1,"",1417756421,223675077,156842121,16239766,16012268,0,0,NEXT_PC_PATH_ALL_CFI,0,1,182134001,146167583,77507494,65.348176,54.669119,120825619,47965194,128,8787,256,512,16,3,143.042525
src0,1,"",1417756421,223675077,156842121,16239766,16012268,0,0,EDGE_PATH_BRANCH,0,1,182618201,146070617,77604460,65.304825,54.737513,121674742,48468654,128,8866,256,512,16,3,143.042525
src0,1,"",1417756421,223675077,156842121,16239766,16012268,0,0,EDGE_PATH_ALL_CFI,0,1,182148812,146278068,77397009,65.397571,54.591189,121294443,48120617,128,9167,256,512,16,3,143.042525
src0,1,"",1417756421,223675077,156842121,16239766,16012268,0,0,BIMODAL,2,1,172222749,160088933,63586144,71.572092,44.849837,20,11,128,128,1,512,0,1,143.042525
src0,1,"",1417756421,223675077,156842121,16239766,16012268,0,0,GSHARE,2,1,157319523,167600861,56074216,74.930503,39.551375,20106528,7021505,128,941,74,512,8,2,143.042525
src0,1,"",1417756421,223675077,156842121,16239766,16012268,0,0,LAST_TARGET_BRANCH,2,1,152950066,170365672,53309405,76.166587,37.601244,8373012,2518507,128,1007,110,512,16,3,143.042525
src0,1,"",1417756421,223675077,156842121,16239766,16012268,0,0,LAST_TARGET_ALL_CFI,2,1,156475464,168667068,55008009,75.407180,38.799337,11938281,4263630,128,917,71,512,16,3,143.042525
src0,1,"",1417756421,223675077,156842121,16239766,16012268,0,0,SOURCE_PATH_BRANCH,2,1,181662974,147432186,76242891,65.913551,53.777144,119401842,46817460,128,8793,256,512,16,3,143.042525
src0,1,"",1417756421,223675077,156842121,16239766,16012268,0,0,SOURCE_PATH_ALL_CFI,2,1,181665965,147716063,75959014,66.040466,53.576914,117718959,46116705,128,9156,256,512,16,3,143.042525
src0,1,"",1417756421,223675077,156842121,16239766,16012268,0,0,TARGET_PATH_BRANCH,2,1,181319753,147082443,76592634,65.757189,54.023832,119899341,47373938,128,8975,256,512,16,3,143.042525
src0,1,"",1417756421,223675077,156842121,16239766,16012268,0,0,TARGET_PATH_ALL_CFI,2,1,181942221,146787777,76887300,65.625451,54.231671,120306988,47713425,128,8420,256,512,16,3,143.042525
src0,1,"",1417756421,223675077,156842121,16239766,16012268,0,0,NEXT_PC_PATH_BRANCH,2,1,182314220,146258948,77416129,65.389023,54.604675,120698088,47920113,128,8596,256,512,16,3,143.042525
src0,1,"",1417756421,223675077,156842121,16239766,16012268,0,0,NEXT_PC_PATH_ALL_CFI,2,1,182093080,146231648,77443429,65.376818,54.623931,120775746,47889530,128,8787,256,512,16,3,143.042525
src0,1,"",1417756421,223675077,156842121,16239766,16012268,0,0,EDGE_PATH_BRANCH,2,1,182537808,146198830,77476247,65.362146,54.647079,121501821,48297349,128,8866,256,512,16,3,143.042525
src0,1,"",1417756421,223675077,156842121,16239766,16012268,0,0,EDGE_PATH_ALL_CFI,2,1,182056715,146400271,77274806,65.452205,54.504995,121125451,47954046,128,9167,256,512,16,3,143.042525
src0,1,"",1417756421,223675077,156842121,16239766,16012268,0,0,BIMODAL,4,1,172222749,160088933,63586144,71.572092,44.849837,20,11,128,128,1,512,0,1,143.042525
src0,1,"",1417756421,223675077,156842121,16239766,16012268,0,0,GSHARE,4,1,160583888,167377192,56297885,74.830506,39.709138,30848133,11165308,128,1115,127,512,8,2,143.042525
src0,1,"",1417756421,223675077,156842121,16239766,16012268,0,0,LAST_TARGET_BRANCH,4,1,158173013,169712079,53962998,75.874380,38.062249,17039414,5663265,128,1202,157,512,16,3,143.042525
src0,1,"",1417756421,223675077,156842121,16239766,16012268,0,0,LAST_TARGET_ALL_CFI,4,1,158544654,169232580,54442497,75.660007,38.400459,21733940,7463070,128,1109,134,512,16,3,143.042525
src0,1,"",1417756421,223675077,156842121,16239766,16012268,0,0,SOURCE_PATH_BRANCH,4,1,181602599,147134691,76540386,65.780548,53.986979,118489758,46539631,128,8793,256,512,16,3,143.042525
src0,1,"",1417756421,223675077,156842121,16239766,16012268,0,0,SOURCE_PATH_ALL_CFI,4,1,181595620,147365396,76309681,65.883691,53.824253,117057795,45938562,128,9156,256,512,16,3,143.042525
src0,1,"",1417756421,223675077,156842121,16239766,16012268,0,0,TARGET_PATH_BRANCH,4,1,181227007,146983817,76691260,65.713096,54.093396,119172278,47054288,128,8975,256,512,16,3,143.042525
src0,1,"",1417756421,223675077,156842121,16239766,16012268,0,0,TARGET_PATH_ALL_CFI,4,1,181795454,146769858,76905219,65.617439,54.244310,119410176,47310496,128,8425,256,512,16,3,143.042525
src0,1,"",1417756421,223675077,156842121,16239766,16012268,0,0,NEXT_PC_PATH_BRANCH,4,1,182014352,146239460,77435617,65.380311,54.618421,119222434,47306706,128,8596,256,512,16,3,143.042525
src0,1,"",1417756421,223675077,156842121,16239766,16012268,0,0,NEXT_PC_PATH_ALL_CFI,4,1,182016567,146228263,77446814,65.375305,54.626319,119468882,47272763,128,8816,256,512,16,3,143.042525
src0,1,"",1417756421,223675077,156842121,16239766,16012268,0,0,EDGE_PATH_BRANCH,4,1,182056464,146174116,77500961,65.351097,54.664511,119899539,47718535,128,8867,256,512,16,3,143.042525
src0,1,"",1417756421,223675077,156842121,16239766,16012268,0,0,EDGE_PATH_ALL_CFI,4,1,182179372,146261210,77413867,65.390034,54.603080,119904534,47519067,128,9166,256,512,16,3,143.042525
src0,1,"",1417756421,223675077,156842121,16239766,16012268,0,0,BIMODAL,6,1,161602408,159376100,64298977,71.253401,45.352626,20,11,128,128,1,512,0,1,143.042525
src0,1,"",1417756421,223675077,156842121,16239766,16012268,0,0,GSHARE,6,1,160526391,165605473,58069604,74.038411,40.958802,32751012,12114539,128,1208,127,512,8,2,143.042525
src0,1,"",1417756421,223675077,156842121,16239766,16012268,0,0,LAST_TARGET_BRANCH,6,1,156460462,169160834,54514243,75.627931,38.451064,16837328,5358891,128,1303,156,512,16,3,143.042525
src0,1,"",1417756421,223675077,156842121,16239766,16012268,0,0,LAST_TARGET_ALL_CFI,6,1,160736509,169132817,54542260,75.615406,38.470826,21889424,7745547,128,1224,164,512,16,3,143.042525
src0,1,"",1417756421,223675077,156842121,16239766,16012268,0,0,SOURCE_PATH_BRANCH,6,1,177842336,145830428,77844649,65.197442,54.906927,107898678,44373223,128,8794,256,512,16,3,143.042525
src0,1,"",1417756421,223675077,156842121,16239766,16012268,0,0,SOURCE_PATH_ALL_CFI,6,1,178720936,147251760,76423317,65.832887,53.904405,109679941,44333730,128,9168,256,512,16,3,143.042525
src0,1,"",1417756421,223675077,156842121,16239766,16012268,0,0,TARGET_PATH_BRANCH,6,1,177364512,145869660,77805417,65.214981,54.879256,108459940,44723810,128,8991,256,512,16,3,143.042525
src0,1,"",1417756421,223675077,156842121,16239766,16012268,0,0,TARGET_PATH_ALL_CFI,6,1,178831131,146855693,76819384,65.655814,54.183767,111549503,45391229,128,8425,256,512,16,3,143.042525
src0,1,"",1417756421,223675077,156842121,16239766,16012268,0,0,NEXT_PC_PATH_BRANCH,6,1,178047211,145172777,78502300,64.903421,55.370795,108775479,45060609,128,8607,256,512,16,3,143.042525
src0,1,"",1417756421,223675077,156842121,16239766,16012268,0,0,NEXT_PC_PATH_ALL_CFI,6,1,179106124,146292882,77382195,65.404194,54.580740,111838244,45515274,128,8823,256,512,16,3,143.042525
src0,1,"",1417756421,223675077,156842121,16239766,16012268,0,0,EDGE_PATH_BRANCH,6,1,178130036,145188234,78486843,64.910332,55.359892,109223731,45287706,128,8871,256,512,16,3,143.042525
src0,1,"",1417756421,223675077,156842121,16239766,16012268,0,0,EDGE_PATH_ALL_CFI,6,1,179127609,146403057,77272020,65.453451,54.503029,112134879,45624543,128,9173,256,512,16,3,143.042525
src1,1,"",1304110682,221337310,159213544,14000669,11350126,0,0,BIMODAL,0,1,162506279,193032919,28304391,87.212101,21.703979,65,23,128,128,1,512,0,1,128.872380
src1,1,"",1304110682,221337310,159213544,14000669,11350126,0,0,GSHARE,0,1,163319057,193491359,27845951,87.419224,21.352445,24008839,9398654,128,810,103,512,8,2,128.872380
src1,1,"",1304110682,221337310,159213544,14000669,11350126,0,0,LAST_TARGET_BRANCH,0,1,161657299,195779813,25557497,88.453146,19.597644,20395173,6915675,128,847,91,512,16,3,128.872380
src1,1,"",1304110682,221337310,159213544,14000669,11350126,0,0,LAST_TARGET_ALL_CFI,0,1,161695573,196726415,24610895,88.880820,18.871784,20632570,7005954,128,782,86,512,16,3,128.872380
src1,1,"",1304110682,221337310,159213544,14000669,11350126,0,0,SOURCE_PATH_BRANCH,0,1,161884396,158826096,62511214,71.757489,47.933979,104948954,53070556,128,7755,256,512,16,3,128.872380
src1,1,"",1304110682,221337310,159213544,14000669,11350126,0,0,SOURCE_PATH_ALL_CFI,0,1,162095556,158097394,63239916,71.428262,48.492752,105960114,53910809,128,7087,256,512,16,3,128.872380
src1,1,"",1304110682,221337310,159213544,14000669,11350126,0,0,TARGET_PATH_BRANCH,0,1,161944763,157904635,63432675,71.341174,48.640561,109753274,54594540,128,7984,256,512,16,3,128.872380
src1,1,"",1304110682,221337310,159213544,14000669,11350126,0,0,TARGET_PATH_ALL_CFI,0,1,162249331,158175957,63161353,71.463757,48.432510,110339344,54031679,128,7469,256,512,16,3,128.872380
src1,1,"",1304110682,221337310,159213544,14000669,11350126,0,0,NEXT_PC_PATH_BRANCH,0,1,162071433,157892075,63445235,71.335499,48.650192,110940887,54638057,128,6606,256,512,16,3,128.872380
src1,1,"",1304110682,221337310,159213544,14000669,11350126,0,0,NEXT_PC_PATH_ALL_CFI,0,1,162538574,157361740,63975570,71.095894,49.056856,112429072,55227945,128,7153,256,512,16,3,128.872380
src1,1,"",1304110682,221337310,159213544,14000669,11350126,0,0,EDGE_PATH_BRANCH,0,1,162026664,157590650,63746660,71.199316,48.881326,110394101,55168340,128,7918,256,512,16,3,128.872380
src1,1,"",1304110682,221337310,159213544,14000669,11350126,0,0,EDGE_PATH_ALL_CFI,0,1,162884995,157611155,63726155,71.208580,48.865603,109478045,54982250,128,7294,256,512,16,3,128.872380
src1,1,"",1304110682,221337310,159213544,14000669,11350126,0,0,BIMODAL,2,1,162506279,193032919,28304391,87.212101,21.703979,65,23,128,128,1,512,0,1,128.872380
src1,1,"",1304110682,221337310,159213544,14000669,11350126,0,0,GSHARE,2,1,162928572,194612178,26725132,87.925609,20.492994,26999015,9256213,128,868,103,512,8,2,128.872380
src1,1,"",1304110682,221337310,159213544,14000669,11350126,0,0,LAST_TARGET_BRANCH,2,1,162037070,194984310,26353000,88.093738,20.207641,25139127,7286624,128,910,91,512,16,3,128.872380
src1,1,"",1304110682,221337310,159213544,14000669,11350126,0,0,LAST_TARGET_ALL_CFI,2,1,161523369,196478605,24858705,88.768859,19.061806,22747371,6516384,128,834,86,512,16,3,128.872380
src1,1,"",1304110682,221337310,159213544,14000669,11350126,0,0,SOURCE_PATH_BRANCH,2,1,161948524,159550732,61786578,72.084879,47.378324,103852884,52016966,128,7755,256,512,16,3,128.872380
src1,1,"",1304110682,221337310,159213544,14000669,11350126,0,0,SOURCE_PATH_ALL_CFI,2,1,161940564,158984522,62352788,71.829066,47.812497,104952653,52962775,128,7087,256,512,16,3,128.872380
src1,1,"",1304110682,221337310,159213544,14000669,11350126,0,0,TARGET_PATH_BRANCH,2,1,162026344,158495194,62842116,71.607988,48.187717,108799734,53793208,128,7984,256,512,16,3,128.872380
src1,1,"",1304110682,221337310,159213544,14000669,11350126,0,0,TARGET_PATH_ALL_CFI,2,1,162161422,158364932,62972378,71.549136,48.287602,109383671,53593591,128,7469,256,512,16,3,128.872380
src1,1,"",1304110682,221337310,159213544,14000669,11350126,0,0,NEXT_PC_PATH_BRANCH,2,1,161770600,158805884,62531426,71.748357,47.949478,109725983,53451251,128,6606,256,512,16,3,128.872380
src1,1,"",1304110682,221337310,159213544,14000669,11350126,0,0,NEXT_PC_PATH_ALL_CFI,2,1,162104414,158088832,63248478,71.424394,48.499317,111189408,54199683,128,7153,256,512,16,3,128.872380
src1,1,"",1304110682,221337310,159213544,14000669,11350126,0,0,EDGE_PATH_BRANCH,2,1,162004746,158318272,63019038,71.528055,48.323381,109020565,54107692,128,7918,256,512,16,3,128.872380
src1,1,"",1304110682,221337310,159213544,14000669,11350126,0,0,EDGE_PATH_ALL_CFI,2,1,162410094,158508852,62828458,71.614158,48.177244,108136362,53754931,128,7294,256,512,16,3,128.872380
src1,1,"",1304110682,221337310,159213544,14000669,11350126,0,0,BIMODAL,4,1,162506279,193032919,28304391,87.212101,21.703979,65,23,128,128,1,512,0,1,128.872380
src1,1,"",1304110682,221337310,159213544,14000669,11350126,0,0,GSHARE,4,1,163497677,196510947,24826363,88.783471,19.037006,26144067,8250319,128,1052,137,512,8,2,128.872380
src1,1,"",1304110682,221337310,159213544,14000669,11350126,0,0,LAST_TARGET_BRANCH,4,1,161394475,195194857,26142453,88.188863,20.046192,26796027,8172257,128,1135,133,512,16,3,128.872380
src1,1,"",1304110682,221337310,159213544,14000669,11350126,0,0,LAST_TARGET_ALL_CFI,4,1,163284460,195940738,25396572,88.525851,19.474246,32107505,8385456,128,1015,129,512,16,3,128.872380
src1,1,"",1304110682,221337310,159213544,14000669,11350126,0,0,SOURCE_PATH_BRANCH,4,1,162158204,159336650,62000660,71.988157,47.542483,104159900,52264022,128,7773,256,512,16,3,128.872380
src1,1,"",1304110682,221337310,159213544,14000669,11350126,0,0,SOURCE_PATH_ALL_CFI,4,1,162006391,158798029,62539281,71.744808,47.955501,105187607,52970621,128,7113,256,512,16,3,128.872380
src1,1,"",1304110682,221337310,159213544,14000669,11350126,0,0,TARGET_PATH_BRANCH,4,1,162180537,158592601,62744709,71.651996,48.113024,108640222,53480170,128,7990,256,512,16,3,128.872380
src1,1,"",1304110682,221337310,159213544,14000669,11350126,0,0,TARGET_PATH_ALL_CFI,4,1,162304859,158673255,62664055,71.688436,48.051178,109452330,53295059,128,7493,256,512,16,3,128.872380
src1,1,"",1304110682,221337310,159213544,14000669,11350126,0,0,NEXT_PC_PATH_BRANCH,4,1,162184869,158580521,62756789,71.646538,48.122287,109398246,53543377,128,6617,256,512,16,3,128.872380
src1,1,"",1304110682,221337310,159213544,14000669,11350126,0,0,NEXT_PC_PATH_ALL_CFI,4,1,162263259,158635313,62701997,71.671293,48.080273,110758081,53575235,128,7157,256,512,16,3,128.872380
src1,1,"",1304110682,221337310,159213544,14000669,11350126,0,0,EDGE_PATH_BRANCH,4,1,162086832,158838420,62498890,71.763057,47.924529,108449367,53407466,128,7964,256,512,16,3,128.872380
src1,1,"",1304110682,221337310,159213544,14000669,11350126,0,0,EDGE_PATH_ALL_CFI,4,1,162422982,158743290,62594020,71.720077,47.997475,107721157,53419218,128,7314,256,512,16,3,128.872380
src1,1,"",1304110682,221337310,159213544,14000669,11350126,0,0,BIMODAL,6,1,158192247,192904895,28432415,87.154260,21.802149,65,23,128,128,1,512,0,1,128.872380
src1,1,"",1304110682,221337310,159213544,14000669,11350126,0,0,GSHARE,6,1,161223102,190900978,30436332,86.248892,23.338764,31616380,11399797,128,1146,151,512,8,2,128.872380
src1,1,"",1304110682,221337310,159213544,14000669,11350126,0,0,LAST_TARGET_BRANCH,6,1,159588212,190363490,30973820,86.006056,23.750913,29341808,10800653,128,1221,140,512,16,3,128.872380
src1,1,"",1304110682,221337310,159213544,14000669,11350126,0,0,LAST_TARGET_ALL_CFI,6,1,160635836,192081338,29255972,86.782178,22.433657,32105907,11000246,128,1146,153,512,16,3,128.872380
src1,1,"",1304110682,221337310,159213544,14000669,11350126,0,0,SOURCE_PATH_BRANCH,6,1,160949019,162012815,59324495,73.197246,45.490383,96366397,48333658,128,7779,256,512,16,3,128.872380
src1,1,"",1304110682,221337310,159213544,14000669,11350126,0,0,SOURCE_PATH_ALL_CFI,6,1,161169298,161770696,59566614,73.087857,45.676042,97706953,49077509,128,7121,256,512,16,3,128.872380
src1,1,"",1304110682,221337310,159213544,14000669,11350126,0,0,TARGET_PATH_BRANCH,6,1,160855785,161381467,59955843,72.912003,45.974505,100385827,49375768,128,7993,256,512,16,3,128.872380
src1,1,"",1304110682,221337310,159213544,14000669,11350126,0,0,TARGET_PATH_ALL_CFI,6,1,161220815,161408491,59928819,72.924213,45.953783,101678541,49482433,128,7495,256,512,16,3,128.872380
src1,1,"",1304110682,221337310,159213544,14000669,11350126,0,0,NEXT_PC_PATH_BRANCH,6,1,161036381,161577965,59759345,73.000781,45.823829,101097740,49220811,128,6624,256,512,16,3,128.872380
src1,1,"",1304110682,221337310,159213544,14000669,11350126,0,0,NEXT_PC_PATH_ALL_CFI,6,1,161212304,161538026,59799284,72.982737,45.854455,102879319,49560570,128,7168,256,512,16,3,128.872380
src1,1,"",1304110682,221337310,159213544,14000669,11350126,0,0,EDGE_PATH_BRANCH,6,1,160978017,161299581,60037729,72.875007,46.037296,100288454,49565697,128,7986,256,512,16,3,128.872380
src1,1,"",1304110682,221337310,159213544,14000669,11350126,0,0,EDGE_PATH_ALL_CFI,6,1,161323900,161792694,59544616,73.097795,45.659174,99733586,49270240,128,7344,256,512,16,3,128.872380
src2,1,"",1849101614,480149443,307286439,30800315,18492795,0,0,BIMODAL,0,1,323617185,368690551,111458892,76.786625,60.277321,20,13,121,121,1,512,0,1,242.101683
src2,1,"",1849101614,480149443,307286439,30800315,18492795,0,0,GSHARE,0,1,318236857,387078311,93071132,80.616216,50.333162,64597477,23262380,121,915,96,512,8,2,242.101683
src2,1,"",1849101614,480149443,307286439,30800315,18492795,0,0,LAST_TARGET_BRANCH,0,1,308662784,390398624,89750819,81.307732,48.537527,64394491,16198902,121,939,111,512,16,3,242.101683
src2,1,"",1849101614,480149443,307286439,30800315,18492795,0,0,LAST_TARGET_ALL_CFI,0,1,309485408,388378370,91771073,80.886977,49.630086,68218685,16392034,121,864,86,512,16,3,242.101683
src2,1,"",1849101614,480149443,307286439,30800315,18492795,0,0,SOURCE_PATH_BRANCH,0,1,343649882,306330108,173819335,63.798909,94.002046,303304234,125862275,121,7266,256,512,16,3,242.101683
src2,1,"",1849101614,480149443,307286439,30800315,18492795,0,0,SOURCE_PATH_ALL_CFI,0,1,347396146,301999406,178150037,62.896961,96.344103,324565914,134559712,121,7871,256,512,16,3,242.101683
src2,1,"",1849101614,480149443,307286439,30800315,18492795,0,0,TARGET_PATH_BRANCH,0,1,358636996,281827442,198322001,58.695776,107.253165,338970807,151767289,121,7930,256,512,16,3,242.101683
src2,1,"",1849101614,480149443,307286439,30800315,18492795,0,0,TARGET_PATH_ALL_CFI,0,1,358427996,282096218,198053225,58.751754,107.107810,339397479,151771459,121,7887,256,512,16,3,242.101683
src2,1,"",1849101614,480149443,307286439,30800315,18492795,0,0,NEXT_PC_PATH_BRANCH,0,1,355723973,283515851,196633592,59.047418,106.340068,334203857,150084638,121,7935,256,512,16,3,242.101683
src2,1,"",1849101614,480149443,307286439,30800315,18492795,0,0,NEXT_PC_PATH_ALL_CFI,0,1,356338849,282952005,197197438,58.929987,106.644998,337109832,151109773,121,8221,256,512,16,3,242.101683
src2,1,"",1849101614,480149443,307286439,30800315,18492795,0,0,EDGE_PATH_BRANCH,0,1,355628660,283872594,196276849,59.121717,106.147141,333530395,149447329,121,7855,256,512,16,3,242.101683
src2,1,"",1849101614,480149443,307286439,30800315,18492795,0,0,EDGE_PATH_ALL_CFI,0,1,355629218,283885452,196263991,59.124395,106.140187,333669274,149662086,121,7922,256,512,16,3,242.101683
src2,1,"",1849101614,480149443,307286439,30800315,18492795,0,0,BIMODAL,2,1,323617185,368690551,111458892,76.786625,60.277321,20,13,121,121,1,512,0,1,242.101683
src2,1,"",1849101614,480149443,307286439,30800315,18492795,0,0,GSHARE,2,1,318686749,390280733,89868710,81.283179,48.601283,53886874,18712385,121,984,96,512,8,2,242.101683
src2,1,"",1849101614,480149443,307286439,30800315,18492795,0,0,LAST_TARGET_BRANCH,2,1,309371468,393812016,86337427,82.018634,46.691554,53279266,11437869,121,1002,111,512,16,3,242.101683
src2,1,"",1849101614,480149443,307286439,30800315,18492795,0,0,LAST_TARGET_ALL_CFI,2,1,309303095,390758617,89390826,81.382708,48.342841,61177890,14213809,121,916,86,512,16,3,242.101683
src2,1,"",1849101614,480149443,307286439,30800315,18492795,0,0,SOURCE_PATH_BRANCH,2,1,343239645,306265393,173884050,63.785431,94.037044,304621039,126382993,121,7266,256,512,16,3,242.101683
src2,1,"",1849101614,480149443,307286439,30800315,18492795,0,0,SOURCE_PATH_ALL_CFI,2,1,347979460,302325844,177823599,62.964947,96.167565,325110549,134548159,121,7871,256,512,16,3,242.101683
src2,1,"",1849101614,480149443,307286439,30800315,18492795,0,0,TARGET_PATH_BRANCH,2,1,358077455,282696867,197452576,58.876850,106.782977,339474512,151367671,121,7930,256,512,16,3,242.101683
src2,1,"",1849101614,480149443,307286439,30800315,18492795,0,0,TARGET_PATH_ALL_CFI,2,1,358135848,282636630,197512813,58.864304,106.815554,339831426,151532133,121,7887,256,512,16,3,242.101683
src2,1,"",1849101614,480149443,307286439,30800315,18492795,0,0,NEXT_PC_PATH_BRANCH,2,1,355305839,283911471,196237972,59.129814,106.126116,334606316,149963849,121,7935,256,512,16,3,242.101683
src2,1,"",1849101614,480149443,307286439,30800315,18492795,0,0,NEXT_PC_PATH_ALL_CFI,2,1,355926189,283481599,196667844,59.040285,106.358592,337599601,150944469,121,8221,256,512,16,3,242.101683
src2,1,"",1849101614,480149443,307286439,30800315,18492795,0,0,EDGE_PATH_BRANCH,2,1,355309595,284832857,195316586,59.321709,105.627827,334109212,149024017,121,7855,256,512,16,3,242.101683
src2,1,"",1849101614,480149443,307286439,30800315,18492795,0,0,EDGE_PATH_ALL_CFI,2,1,355059959,284950513,195198930,59.346213,105.564199,334274629,149119374,121,7922,256,512,16,3,242.101683
src2,1,"",1849101614,480149443,307286439,30800315,18492795,0,0,BIMODAL,4,1,323617185,368690551,111458892,76.786625,60.277321,20,13,121,121,1,512,0,1,242.101683
src2,1,"",1849101614,480149443,307286439,30800315,18492795,0,0,GSHARE,4,1,318700020,388915098,91234345,80.998761,49.339822,63767577,22471560,121,1223,158,512,8,2,242.101683
src2,1,"",1849101614,480149443,307286439,30800315,18492795,0,0,LAST_TARGET_BRANCH,4,1,326137132,378618902,101530541,78.854387,54.908038,120879002,40240944,121,1275,169,512,16,3,242.101683
src2,1,"",1849101614,480149443,307286439,30800315,18492795,0,0,LAST_TARGET_ALL_CFI,4,1,324654723,375453059,104696384,78.195042,56.620136,124694449,42367321,121,1157,146,512,16,3,242.101683
src2,1,"",1849101614,480149443,307286439,30800315,18492795,0,0,SOURCE_PATH_BRANCH,4,1,344417743,303181357,176968086,63.143124,95.704901,308486392,130267292,121,7256,256,512,16,3,242.101683
src2,1,"",1849101614,480149443,307286439,30800315,18492795,0,0,SOURCE_PATH_ALL_CFI,4,1,348605481,298740427,181409016,62.218218,98.106569,326097217,137536781,121,7842,256,512,16,3,242.101683
src2,1,"",1849101614,480149443,307286439,30800315,18492795,0,0,TARGET_PATH_BRANCH,4,1,357960005,282268091,197881352,58.787549,107.014861,339362794,151990310,121,7893,256,512,16,3,242.101683
src2,1,"",1849101614,480149443,307286439,30800315,18492795,0,0,TARGET_PATH_ALL_CFI,4,1,358183773,282261113,197888330,58.786096,107.018635,340019635,152195060,121,7868,256,512,16,3,242.101683
src2,1,"",1849101614,480149443,307286439,30800315,18492795,0,0,NEXT_PC_PATH_BRANCH,4,1,355284593,283851137,196298306,59.117248,106.158745,334083774,149801651,121,7914,256,512,16,3,242.101683
src2,1,"",1849101614,480149443,307286439,30800315,18492795,0,0,NEXT_PC_PATH_ALL_CFI,4,1,355884480,283662422,196487021,59.077945,106.260802,336882346,150633871,121,8178,256,512,16,3,242.101683
src2,1,"",1849101614,480149443,307286439,30800315,18492795,0,0,EDGE_PATH_BRANCH,4,1,354996059,284388173,195761270,59.229096,105.868314,333915657,149312401,121,7816,256,512,16,3,242.101683
src2,1,"",1849101614,480149443,307286439,30800315,18492795,0,0,EDGE_PATH_ALL_CFI,4,1,355226791,284274029,195875414,59.205323,105.930043,334559665,149545237,121,7900,256,512,16,3,242.101683
src2,1,"",1849101614,480149443,307286439,30800315,18492795,0,0,BIMODAL,6,1,307301613,368369179,111780264,76.719693,60.451120,20,13,121,121,1,512,0,1,242.101683
src2,1,"",1849101614,480149443,307286439,30800315,18492795,0,0,GSHARE,6,1,311921445,381555719,98593724,79.466034,53.319798,67049802,23482375,121,1287,158,512,8,2,242.101683
src2,1,"",1849101614,480149443,307286439,30800315,18492795,0,0,LAST_TARGET_BRANCH,6,1,316506680,380243060,99906383,79.192648,54.029688,93053649,28421953,121,1345,170,512,16,3,242.101683
src2,1,"",1849101614,480149443,307286439,30800315,18492795,0,0,LAST_TARGET_ALL_CFI,6,1,317787132,378248604,101900839,78.777266,55.108296,99089103,30936319,121,1229,179,512,16,3,242.101683
src2,1,"",1849101614,480149443,307286439,30800315,18492795,0,0,SOURCE_PATH_BRANCH,6,1,339028085,307662437,172487006,64.076392,93.281518,279012058,119272703,121,7271,256,512,16,3,242.101683
src2,1,"",1849101614,480149443,307286439,30800315,18492795,0,0,SOURCE_PATH_ALL_CFI,6,1,343125098,304876200,175273243,63.496106,94.788324,294721511,125563559,121,7858,256,512,16,3,242.101683
src2,1,"",1849101614,480149443,307286439,30800315,18492795,0,0,TARGET_PATH_BRANCH,6,1,349948654,288918302,191231141,60.172579,103.418406,305230861,138714785,121,7915,256,512,16,3,242.101683
src2,1,"",1849101614,480149443,307286439,30800315,18492795,0,0,TARGET_PATH_ALL_CFI,6,1,350784221,289350695,190798748,60.262633,103.184566,307400336,139231780,121,7873,256,512,16,3,242.101683
src2,1,"",1849101614,480149443,307286439,30800315,18492795,0,0,NEXT_PC_PATH_BRANCH,6,1,347512879,290396447,189752996,60.480430,102.619020,301075659,136933275,121,7915,256,512,16,3,242.101683
src2,1,"",1849101614,480149443,307286439,30800315,18492795,0,0,NEXT_PC_PATH_ALL_CFI,6,1,348842462,290700906,189448537,60.543839,102.454368,304914920,137983317,121,8191,256,512,16,3,242.101683
src2,1,"",1849101614,480149443,307286439,30800315,18492795,0,0,EDGE_PATH_BRANCH,6,1,347505575,290808831,189340612,60.566316,102.396002,300835316,136530356,121,7837,256,512,16,3,242.101683
src2,1,"",1849101614,480149443,307286439,30800315,18492795,0,0,EDGE_PATH_ALL_CFI,6,1,348252767,291311591,188837852,60.671025,102.124107,302757460,136860869,121,7892,256,512,16,3,242.101683
new_without_Mext,1,"",783164727,131270376,89372227,10757029,10624159,2,0,BIMODAL,0,1,99640783,88899498,42370878,67.722437,54.102128,256022,21808,124,124,1,512,0,1,91.876328
new_without_Mext,1,"",783164727,131270376,89372227,10757029,10624159,2,0,GSHARE,0,1,87082429,94595264,36675112,72.061395,46.829372,5449028,2308747,124,645,71,512,8,2,91.876328
new_without_Mext,1,"",783164727,131270376,89372227,10757029,10624159,2,0,LAST_TARGET_BRANCH,0,1,91606979,92631624,38638752,70.565520,49.336686,6196013,1940671,124,649,97,512,16,3,91.876328
new_without_Mext,1,"",783164727,131270376,89372227,10757029,10624159,2,0,LAST_TARGET_ALL_CFI,0,1,90399836,93321301,37949075,71.090907,48.456057,1240183,500047,124,603,65,512,16,3,91.876328
new_without_Mext,1,"",783164727,131270376,89372227,10757029,10624159,2,0,SOURCE_PATH_BRANCH,0,1,105988472,82867619,48402757,63.127433,61.804056,74011931,28506636,124,5162,256,512,16,3,91.876328
new_without_Mext,1,"",783164727,131270376,89372227,10757029,10624159,2,0,SOURCE_PATH_ALL_CFI,0,1,105942704,82763437,48506939,63.048069,61.937083,73706488,28466812,124,5407,256,512,16,3,91.876328
new_without_Mext,1,"",783164727,131270376,89372227,10757029,10624159,2,0,TARGET_PATH_BRANCH,0,1,106240204,82442019,48828357,62.803217,62.347493,74349475,28780957,124,5375,256,512,16,3,91.876328
new_without_Mext,1,"",783164727,131270376,89372227,10757029,10624159,2,0,TARGET_PATH_ALL_CFI,0,1,106531999,82333968,48936408,62.720905,62.485460,74752527,28972907,124,5256,256,512,16,3,91.876328
new_without_Mext,1,"",783164727,131270376,89372227,10757029,10624159,2,0,NEXT_PC_PATH_BRANCH,0,1,106467588,82387621,48882755,62.761777,62.416952,74625680,28882879,124,5223,256,512,16,3,91.876328
new_without_Mext,1,"",783164727,131270376,89372227,10757029,10624159,2,0,NEXT_PC_PATH_ALL_CFI,0,1,106469714,82438733,48831643,62.800714,62.351688,74818024,28916155,124,5073,256,512,16,3,91.876328
new_without_Mext,1,"",783164727,131270376,89372227,10757029,10624159,2,0,EDGE_PATH_BRANCH,0,1,106616664,82229879,49040497,62.641612,62.618368,74802448,29057163,124,5203,256,512,16,3,91.876328
new_without_Mext,1,"",783164727,131270376,89372227,10757029,10624159,2,0,EDGE_PATH_ALL_CFI,0,1,106550051,82313538,48956838,62.705342,62.511546,74941631,28980551,124,5391,256,512,16,3,91.876328
new_without_Mext,1,"",783164727,131270376,89372227,10757029,10624159,2,0,BIMODAL,2,1,99640783,88899498,42370878,67.722437,54.102128,256022,21808,124,124,1,512,0,1,91.876328
new_without_Mext,1,"",783164727,131270376,89372227,10757029,10624159,2,0,GSHARE,2,1,87154229,94740086,36530290,72.171718,46.644453,5201841,2177228,124,703,74,512,8,2,91.876328
new_without_Mext,1,"",783164727,131270376,89372227,10757029,10624159,2,0,LAST_TARGET_BRANCH,2,1,91678783,92746620,38523756,70.653123,49.189851,5987526,1821161,124,691,97,512,16,3,91.876328
new_without_Mext,1,"",783164727,131270376,89372227,10757029,10624159,2,0,LAST_TARGET_ALL_CFI,2,1,90394602,93483197,37787179,71.214237,48.249337,940875,313555,124,639,65,512,16,3,91.876328
new_without_Mext,1,"",783164727,131270376,89372227,10757029,10624159,2,0,SOURCE_PATH_BRANCH,2,1,105983729,82871468,48398908,63.130365,61.799142,73993681,28494946,124,5162,256,512,16,3,91.876328
new_without_Mext,1,"",783164727,131270376,89372227,10757029,10624159,2,0,SOURCE_PATH_ALL_CFI,2,1,105938311,82769104,48501272,63.052386,61.929847,73687218,28453845,124,5407,256,512,16,3,91.876328
new_without_Mext,1,"",783164727,131270376,89372227,10757029,10624159,2,0,TARGET_PATH_BRANCH,2,1,106233453,82467628,48802748,62.822726,62.314793,74323002,28748003,124,5375,256,512,16,3,91.876328
new_without_Mext,1,"",783164727,131270376,89372227,10757029,10624159,2,0,TARGET_PATH_ALL_CFI,2,1,106523394,82357913,48912463,62.739146,62.454885,74726944,28942095,124,5256,256,512,16,3,91.876328
new_without_Mext,1,"",783164727,131270376,89372227,10757029,10624159,2,0,NEXT_PC_PATH_BRANCH,2,1,106467505,82386322,48884054,62.760788,62.418610,74615836,28880259,124,5223,256,512,16,3,91.876328
new_without_Mext,1,"",783164727,131270376,89372227,10757029,10624159,2,0,NEXT_PC_PATH_ALL_CFI,2,1,106467100,82438585,48831791,62.800601,62.351877,74807496,28912044,124,5073,256,512,16,3,91.876328
new_without_Mext,1,"",783164727,131270376,89372227,10757029,10624159,2,0,EDGE_PATH_BRANCH,2,1,106613078,82244155,49026221,62.652487,62.600139,74785436,29038667,124,5203,256,512,16,3,91.876328
new_without_Mext,1,"",783164727,131270376,89372227,10757029,10624159,2,0,EDGE_PATH_ALL_CFI,2,1,106550366,82304847,48965529,62.698721,62.522643,74942252,28986866,124,5391,256,512,16,3,91.876328
new_without_Mext,1,"",783164727,131270376,89372227,10757029,10624159,2,0,BIMODAL,4,1,99640783,88899498,42370878,67.722437,54.102128,256022,21808,124,124,1,512,0,1,91.876328
new_without_Mext,1,"",783164727,131270376,89372227,10757029,10624159,2,0,GSHARE,4,1,88549760,95514211,35756165,72.761436,45.655995,9483307,3600346,124,879,125,512,8,2,91.876328
new_without_Mext,1,"",783164727,131270376,89372227,10757029,10624159,2,0,LAST_TARGET_BRANCH,4,1,92483093,92369916,38900460,70.366155,49.670853,11748963,4091204,124,873,136,512,16,3,91.876328
new_without_Mext,1,"",783164727,131270376,89372227,10757029,10624159,2,0,LAST_TARGET_ALL_CFI,4,1,91339876,93514789,37755587,71.238304,48.208998,7105627,2756334,124,835,115,512,16,3,91.876328
new_without_Mext,1,"",783164727,131270376,89372227,10757029,10624159,2,0,SOURCE_PATH_BRANCH,4,1,105908534,82702813,48567563,63.001886,62.014492,73520186,28275279,124,5162,256,512,16,3,91.876328
new_without_Mext,1,"",783164727,131270376,89372227,10757029,10624159,2,0,SOURCE_PATH_ALL_CFI,4,1,105958125,82603912,48666464,62.926545,62.140776,73253997,28249987,124,5411,256,512,16,3,91.876328
new_without_Mext,1,"",783164727,131270376,89372227,10757029,10624159,2,0,TARGET_PATH_BRANCH,4,1,106257353,82380340,48890036,62.756231,62.426249,74206451,28692663,124,5375,256,512,16,3,91.876328
new_without_Mext,1,"",783164727,131270376,89372227,10757029,10624159,2,0,TARGET_PATH_ALL_CFI,4,1,106517481,82287160,48983216,62.685247,62.545227,74359815,28734260,124,5273,256,512,16,3,91.876328
new_without_Mext,1,"",783164727,131270376,89372227,10757029,10624159,2,0,NEXT_PC_PATH_BRANCH,4,1,106380002,82373851,48896525,62.751287,62.434534,74348818,28734501,124,5223,256,512,16,3,91.876328
new_without_Mext,1,"",783164727,131270376,89372227,10757029,10624159,2,0,NEXT_PC_PATH_ALL_CFI,4,1,106394085,82410196,48860180,62.778975,62.388126,74316793,28708187,124,5088,256,512,16,3,91.876328
new_without_Mext,1,"",783164727,131270376,89372227,10757029,10624159,2,0,EDGE_PATH_BRANCH,4,1,106331767,82262958,49007418,62.666811,62.576130,74093744,28697624,124,5203,256,512,16,3,91.876328
new_without_Mext,1,"",783164727,131270376,89372227,10757029,10624159,2,0,EDGE_PATH_ALL_CFI,4,1,106405900,82259233,49011143,62.663973,62.580887,74157498,28678243,124,5390,256,512,16,3,91.876328
new_without_Mext,1,"",783164727,131270376,89372227,10757029,10624159,2,0,BIMODAL,6,1,92555506,88434127,42836249,67.367924,54.696346,256022,21808,124,124,1,512,0,1,91.876328
new_without_Mext,1,"",783164727,131270376,89372227,10757029,10624159,2,0,GSHARE,6,1,89692035,94609028,36661348,72.071880,46.811797,10528393,4287252,124,926,125,512,8,2,91.876328
new_without_Mext,1,"",783164727,131270376,89372227,10757029,10624159,2,0,LAST_TARGET_BRANCH,6,1,89794569,94182016,37088360,71.746588,47.357036,10484709,3543208,124,916,134,512,16,3,91.876328
new_without_Mext,1,"",783164727,131270376,89372227,10757029,10624159,2,0,LAST_TARGET_ALL_CFI,6,1,89542543,96753926,34516450,73.705834,44.073040,8133316,2676907,124,899,156,512,16,3,91.876328
new_without_Mext,1,"",783164727,131270376,89372227,10757029,10624159,2,0,SOURCE_PATH_BRANCH,6,1,103509985,81559592,49710784,62.130996,63.474238,67102247,27234155,124,5166,256,512,16,3,91.876328
new_without_Mext,1,"",783164727,131270376,89372227,10757029,10624159,2,0,SOURCE_PATH_ALL_CFI,6,1,104133688,82383687,48886689,62.758780,62.421975,68861033,27439989,124,5411,256,512,16,3,91.876328
new_without_Mext,1,"",783164727,131270376,89372227,10757029,10624159,2,0,TARGET_PATH_BRANCH,6,1,103585394,81407135,49863241,62.014856,63.668906,67362159,27375290,124,5377,256,512,16,3,91.876328
new_without_Mext,1,"",783164727,131270376,89372227,10757029,10624159,2,0,TARGET_PATH_ALL_CFI,6,1,104481449,82072108,49198268,62.521424,62.819821,69538819,27821789,124,5276,256,512,16,3,91.876328
new_without_Mext,1,"",783164727,131270376,89372227,10757029,10624159,2,0,NEXT_PC_PATH_BRANCH,6,1,103692016,81315173,49955203,61.944801,63.786329,67590869,27494757,124,5227,256,512,16,3,91.876328
new_without_Mext,1,"",783164727,131270376,89372227,10757029,10624159,2,0,NEXT_PC_PATH_ALL_CFI,6,1,104326447,82238840,49031536,62.648438,62.606926,69467165,27707025,124,5097,256,512,16,3,91.876328
new_without_Mext,1,"",783164727,131270376,89372227,10757029,10624159,2,0,EDGE_PATH_BRANCH,6,1,103763845,81164484,50105892,61.830008,63.978739,67713633,27619941,124,5207,256,512,16,3,91.876328
new_without_Mext,1,"",783164727,131270376,89372227,10757029,10624159,2,0,EDGE_PATH_ALL_CFI,6,1,104465016,82051579,49218797,62.505785,62.846034,69616981,27795081,124,5392,256,512,16,3,91.876328
new_with_Mext,1,"",380344553,10825835,10692855,133018,141,2,0,BIMODAL,0,1,10825676,10692926,132909,98.772298,0.349444,34,14,146,146,1,512,0,1,10.134109
new_with_Mext,1,"",380344553,10825835,10692855,133018,141,2,0,GSHARE,0,1,10825587,10692833,133002,98.771439,0.349688,3330,49,146,235,14,512,8,2,10.134109
new_with_Mext,1,"",380344553,10825835,10692855,133018,141,2,0,LAST_TARGET_BRANCH,0,1,10825598,10692844,132991,98.771540,0.349659,1826,46,146,235,14,512,16,3,10.134109
new_with_Mext,1,"",380344553,10825835,10692855,133018,141,2,0,LAST_TARGET_ALL_CFI,0,1,10825608,10692864,132971,98.771725,0.349607,1962,43,146,238,16,512,16,3,10.134109
new_with_Mext,1,"",380344553,10825835,10692855,133018,141,2,0,SOURCE_PATH_BRANCH,0,1,10825276,10692516,133319,98.768511,0.350522,104095,748,146,1294,256,512,16,3,10.134109
new_with_Mext,1,"",380344553,10825835,10692855,133018,141,2,0,SOURCE_PATH_ALL_CFI,0,1,10825379,10692619,133216,98.769462,0.350251,142888,851,146,1824,256,512,16,3,10.134109
new_with_Mext,1,"",380344553,10825835,10692855,133018,141,2,0,TARGET_PATH_BRANCH,0,1,10825368,10692608,133227,98.769361,0.350280,120784,731,146,2118,256,512,16,3,10.134109
new_with_Mext,1,"",380344553,10825835,10692855,133018,141,2,0,TARGET_PATH_ALL_CFI,0,1,10825381,10692621,133214,98.769481,0.350246,110734,558,146,2286,256,512,16,3,10.134109
new_with_Mext,1,"",380344553,10825835,10692855,133018,141,2,0,NEXT_PC_PATH_BRANCH,0,1,10825379,10692617,133218,98.769444,0.350256,149589,1058,146,1503,248,512,16,3,10.134109
new_with_Mext,1,"",380344553,10825835,10692855,133018,141,2,0,NEXT_PC_PATH_ALL_CFI,0,1,10825277,10692517,133318,98.768520,0.350519,148410,746,146,1860,256,512,16,3,10.134109
new_with_Mext,1,"",380344553,10825835,10692855,133018,141,2,0,EDGE_PATH_BRANCH,0,1,10825334,10692574,133261,98.769046,0.350369,109736,784,146,1592,256,512,16,3,10.134109
new_with_Mext,1,"",380344553,10825835,10692855,133018,141,2,0,EDGE_PATH_ALL_CFI,0,1,10825380,10692622,133213,98.769490,0.350243,111038,645,146,1855,256,512,16,3,10.134109
new_with_Mext,1,"",380344553,10825835,10692855,133018,141,2,0,BIMODAL,2,1,10825676,10692926,132909,98.772298,0.349444,34,14,146,146,1,512,0,1,10.134109
new_with_Mext,1,"",380344553,10825835,10692855,133018,141,2,0,GSHARE,2,1,10825587,10692833,133002,98.771439,0.349688,3330,49,146,235,14,512,8,2,10.134109
new_with_Mext,1,"",380344553,10825835,10692855,133018,141,2,0,LAST_TARGET_BRANCH,2,1,10825598,10692844,132991,98.771540,0.349659,1826,46,146,235,14,512,16,3,10.134109
new_with_Mext,1,"",380344553,10825835,10692855,133018,141,2,0,LAST_TARGET_ALL_CFI,2,1,10825608,10692864,132971,98.771725,0.349607,1963,43,146,238,16,512,16,3,10.134109
new_with_Mext,1,"",380344553,10825835,10692855,133018,141,2,0,SOURCE_PATH_BRANCH,2,1,10825276,10692516,133319,98.768511,0.350522,104095,748,146,1294,256,512,16,3,10.134109
new_with_Mext,1,"",380344553,10825835,10692855,133018,141,2,0,SOURCE_PATH_ALL_CFI,2,1,10825379,10692619,133216,98.769462,0.350251,142888,850,146,1824,256,512,16,3,10.134109
new_with_Mext,1,"",380344553,10825835,10692855,133018,141,2,0,TARGET_PATH_BRANCH,2,1,10825367,10692607,133228,98.769351,0.350282,120784,732,146,2118,256,512,16,3,10.134109
new_with_Mext,1,"",380344553,10825835,10692855,133018,141,2,0,TARGET_PATH_ALL_CFI,2,1,10825380,10692620,133215,98.769471,0.350248,110734,560,146,2286,256,512,16,3,10.134109
new_with_Mext,1,"",380344553,10825835,10692855,133018,141,2,0,NEXT_PC_PATH_BRANCH,2,1,10825380,10692618,133217,98.769453,0.350253,149589,1057,146,1503,248,512,16,3,10.134109
new_with_Mext,1,"",380344553,10825835,10692855,133018,141,2,0,NEXT_PC_PATH_ALL_CFI,2,1,10825276,10692518,133317,98.768529,0.350516,148410,745,146,1860,256,512,16,3,10.134109
new_with_Mext,1,"",380344553,10825835,10692855,133018,141,2,0,EDGE_PATH_BRANCH,2,1,10825334,10692574,133261,98.769046,0.350369,109736,784,146,1592,256,512,16,3,10.134109
new_with_Mext,1,"",380344553,10825835,10692855,133018,141,2,0,EDGE_PATH_ALL_CFI,2,1,10825381,10692623,133212,98.769499,0.350240,111038,644,146,1855,256,512,16,3,10.134109
new_with_Mext,1,"",380344553,10825835,10692855,133018,141,2,0,BIMODAL,4,1,10825676,10692926,132909,98.772298,0.349444,34,14,146,146,1,512,0,1,10.134109
new_with_Mext,1,"",380344553,10825835,10692855,133018,141,2,0,GSHARE,4,1,10825587,10692833,133002,98.771439,0.349688,3330,49,146,235,14,512,8,2,10.134109
new_with_Mext,1,"",380344553,10825835,10692855,133018,141,2,0,LAST_TARGET_BRANCH,4,1,10825598,10692844,132991,98.771540,0.349659,1826,46,146,235,14,512,16,3,10.134109
new_with_Mext,1,"",380344553,10825835,10692855,133018,141,2,0,LAST_TARGET_ALL_CFI,4,1,10825602,10692854,132981,98.771633,0.349633,1846,34,146,234,14,512,16,3,10.134109
new_with_Mext,1,"",380344553,10825835,10692855,133018,141,2,0,SOURCE_PATH_BRANCH,4,1,10825274,10692514,133321,98.768492,0.350527,104095,749,146,1294,256,512,16,3,10.134109
new_with_Mext,1,"",380344553,10825835,10692855,133018,141,2,0,SOURCE_PATH_ALL_CFI,4,1,10825378,10692618,133217,98.769453,0.350253,142603,950,146,1832,256,512,16,3,10.134109
new_with_Mext,1,"",380344553,10825835,10692855,133018,141,2,0,TARGET_PATH_BRANCH,4,1,10825367,10692607,133228,98.769351,0.350282,120784,733,146,2118,256,512,16,3,10.134109
new_with_Mext,1,"",380344553,10825835,10692855,133018,141,2,0,TARGET_PATH_ALL_CFI,4,1,10825378,10692620,133215,98.769471,0.350248,108742,840,146,2314,256,512,16,3,10.134109
new_with_Mext,1,"",380344553,10825835,10692855,133018,141,2,0,NEXT_PC_PATH_BRANCH,4,1,10825379,10692617,133218,98.769444,0.350256,149589,1058,146,1503,248,512,16,3,10.134109
new_with_Mext,1,"",380344553,10825835,10692855,133018,141,2,0,NEXT_PC_PATH_ALL_CFI,4,1,10825326,10692566,133269,98.768973,0.350390,143438,657,146,1862,256,512,16,3,10.134109
new_with_Mext,1,"",380344553,10825835,10692855,133018,141,2,0,EDGE_PATH_BRANCH,4,1,10825332,10692572,133263,98.769028,0.350374,109736,784,146,1592,256,512,16,3,10.134109
new_with_Mext,1,"",380344553,10825835,10692855,133018,141,2,0,EDGE_PATH_ALL_CFI,4,1,10825383,10692625,133210,98.769518,0.350235,116899,593,146,1862,256,512,16,3,10.134109
new_with_Mext,1,"",380344553,10825835,10692855,133018,141,2,0,BIMODAL,6,1,10825676,10692926,132909,98.772298,0.349444,34,14,146,146,1,512,0,1,10.134109
new_with_Mext,1,"",380344553,10825835,10692855,133018,141,2,0,GSHARE,6,1,10825581,10692827,133008,98.771383,0.349704,1757,53,146,243,16,512,8,2,10.134109
new_with_Mext,1,"",380344553,10825835,10692855,133018,141,2,0,LAST_TARGET_BRANCH,6,1,10825590,10692836,132999,98.771467,0.349680,307,49,146,245,17,512,16,3,10.134109
new_with_Mext,1,"",380344553,10825835,10692855,133018,141,2,0,LAST_TARGET_ALL_CFI,6,1,10825589,10692841,132994,98.771513,0.349667,287,39,146,243,17,512,16,3,10.134109
new_with_Mext,1,"",380344553,10825835,10692855,133018,141,2,0,SOURCE_PATH_BRANCH,6,1,10825277,10692517,133318,98.768520,0.350519,104324,749,146,1304,256,512,16,3,10.134109
new_with_Mext,1,"",380344553,10825835,10692855,133018,141,2,0,SOURCE_PATH_ALL_CFI,6,1,10825383,10692619,133216,98.769462,0.350251,143070,948,146,1830,256,512,16,3,10.134109
new_with_Mext,1,"",380344553,10825835,10692855,133018,141,2,0,TARGET_PATH_BRANCH,6,1,10825368,10692608,133227,98.769361,0.350280,119481,731,146,2114,256,512,16,3,10.134109
new_with_Mext,1,"",380344553,10825835,10692855,133018,141,2,0,TARGET_PATH_ALL_CFI,6,1,10825377,10692617,133218,98.769444,0.350256,108990,843,146,2296,256,512,16,3,10.134109
new_with_Mext,1,"",380344553,10825835,10692855,133018,141,2,0,NEXT_PC_PATH_BRANCH,6,1,10825380,10692616,133219,98.769434,0.350259,149909,1063,146,1496,248,512,16,3,10.134109
new_with_Mext,1,"",380344553,10825835,10692855,133018,141,2,0,NEXT_PC_PATH_ALL_CFI,6,1,10825325,10692567,133268,98.768982,0.350388,144223,659,146,1872,256,512,16,3,10.134109
new_with_Mext,1,"",380344553,10825835,10692855,133018,141,2,0,EDGE_PATH_BRANCH,6,1,10825329,10692571,133264,98.769019,0.350377,110916,788,146,1582,256,512,16,3,10.134109
new_with_Mext,1,"",380344553,10825835,10692855,133018,141,2,0,EDGE_PATH_ALL_CFI,6,1,10825388,10692626,133209,98.769527,0.350232,116724,594,146,1866,256,512,16,3,10.134109
